id,first_name,last_name,email,time,date,customer_id,delivery_id,restaurant_id,food,price
1,Jeramie,Leadbitter,jleadbitter0@paypal.com,11:10 AM,8/6/2020,3,32,6,Lunch,$23.40
2,Ginelle,Mortell,gmortell1@sun.com,8:57 PM,6/25/2018,48,33,5,Breakfast,$26.43
3,Demetris,Morcomb,dmorcomb2@hatena.ne.jp,10:48 PM,12/30/2017,50,39,37,Lunch,$28.64
4,Faunie,Sheeres,fsheeres3@nature.com,2:36 AM,10/21/2018,23,26,20,Lunch,$23.91
5,Catherina,Regorz,cregorz4@cnn.com,9:56 PM,10/25/2020,27,27,39,Dinner,$25.12
6,Lyell,Duchateau,lduchateau5@google.it,7:36 AM,5/4/2020,41,47,40,Dinner,$17.52
7,Gifford,Langston,glangston6@state.gov,10:23 PM,6/4/2021,22,28,25,Dinner,$29.67
8,Lilah,Deamer,ldeamer7@stanford.edu,5:41 AM,2/28/2018,44,3,23,Dinner,$10.77
9,Amelina,Reading,areading8@army.mil,9:12 PM,12/30/2017,48,6,23,Lunch,$23.45
10,Lilly,Costy,lcosty9@creativecommons.org,12:12 PM,7/12/2018,21,23,3,Dinner,$12.40
11,Lavinie,Lawrenz,llawrenza@slate.com,10:22 AM,12/12/2019,31,41,8,Breakfast,$14.86
12,Craig,Houson,chousonb@example.com,9:06 AM,12/7/2021,38,5,19,Breakfast,$26.44
13,Clemente,Gertray,cgertrayc@ycombinator.com,6:28 AM,9/10/2018,45,34,44,Lunch,$21.16
14,Oliviero,Hubber,ohubberd@acquirethisname.com,3:18 AM,7/25/2018,24,6,40,Breakfast,$28.43
15,Andriana,Tiernan,atiernane@google.com.au,8:25 AM,1/19/2017,42,45,50,Lunch,$27.32
16,Malory,Kemball,mkemballf@bandcamp.com,1:29 PM,6/11/2021,41,1,23,Lunch,$21.15
17,Michal,Bruckman,mbruckmang@cbslocal.com,1:18 PM,4/23/2017,35,14,2,Dinner,$28.33
18,Eustace,Eck,eeckh@earthlink.net,1:57 PM,6/1/2018,6,2,33,Lunch,$23.91
19,Tami,Laugharne,tlaugharnei@deviantart.com,1:43 AM,12/25/2020,50,14,18,Lunch,$18.67
20,Hollie,Hamflett,hhamflettj@huffingtonpost.com,3:18 AM,7/14/2021,26,25,28,Dinner,$21.11
21,Aubry,Paddefield,apaddefieldk@yahoo.co.jp,8:01 PM,8/7/2018,38,24,15,Dinner,$24.66
22,Brandyn,Liffe,bliffel@chicagotribune.com,10:08 AM,1/23/2019,12,28,13,Breakfast,$24.76
23,Romy,Aartsen,raartsenm@hostgator.com,7:41 AM,4/29/2021,23,13,47,Dinner,$18.74
24,Larry,Emanuelli,lemanuellin@gmpg.org,7:20 AM,8/16/2020,29,41,13,Lunch,$28.21
25,Dionysus,Shepland,dsheplando@blogger.com,6:31 PM,5/2/2017,19,20,49,Breakfast,$27.31
26,Dorette,Heelis,dheelisp@discuz.net,4:53 AM,2/21/2021,2,26,46,Lunch,$27.72
27,Suki,Perkins,sperkinsq@tinyurl.com,3:48 PM,6/12/2021,44,23,11,Dinner,$13.79
28,Rhetta,Harkus,rharkusr@flavors.me,2:46 AM,10/23/2020,18,41,28,Lunch,$18.53
29,Amabelle,Partridge,apartridges@redcross.org,3:59 PM,2/22/2020,24,16,12,Lunch,$23.94
30,Marnie,Gusticke,mgusticket@thetimes.co.uk,6:54 AM,2/23/2017,5,50,33,Breakfast,$24.57
31,Raddie,Aicheson,raichesonu@twitpic.com,12:47 PM,9/18/2021,49,30,35,Lunch,$24.44
32,Melany,Nelm,mnelmv@eepurl.com,7:35 PM,7/15/2019,13,21,16,Dinner,$14.24
33,Rahal,Greste,rgrestew@csmonitor.com,1:49 AM,8/9/2018,25,29,50,Breakfast,$18.28
34,Francesco,Mulqueen,fmulqueenx@opera.com,8:00 PM,8/22/2017,39,22,30,Lunch,$14.04
35,Ignazio,Heggs,iheggsy@rakuten.co.jp,5:03 AM,2/26/2021,3,38,42,Breakfast,$24.42
36,Phil,Kahane,pkahanez@myspace.com,10:54 AM,4/2/2020,1,27,25,Dinner,$21.54
37,Rich,O'Cahsedy,rocahsedy10@blogspot.com,5:01 AM,6/21/2020,9,4,22,Dinner,$14.82
38,Tori,Kasper,tkasper11@wikimedia.org,9:07 PM,8/20/2021,18,46,48,Breakfast,$16.08
39,Neely,Saenz,nsaenz12@netlog.com,10:25 AM,5/10/2017,23,4,32,Breakfast,$19.05
40,Hale,Chace,hchace13@zimbio.com,9:13 PM,4/24/2021,16,1,5,Lunch,$25.67
41,Gale,Buddington,gbuddington14@abc.net.au,12:47 PM,3/3/2018,7,50,39,Breakfast,$12.21
42,Wash,Vedyashkin,wvedyashkin15@elegantthemes.com,8:01 PM,10/18/2021,35,22,8,Dinner,$29.17
43,Isabella,Grace,igrace16@samsung.com,10:08 PM,7/5/2018,49,13,3,Lunch,$15.92
44,Natasha,Jindra,njindra17@acquirethisname.com,6:06 PM,5/26/2019,15,41,17,Breakfast,$22.28
45,Rockie,Farbrother,rfarbrother18@google.fr,9:01 AM,9/26/2017,27,9,1,Breakfast,$17.75
46,Fletcher,Vale,fvale19@mozilla.com,4:58 AM,1/11/2018,49,39,26,Lunch,$14.41
47,Elyssa,Sutherden,esutherden1a@ameblo.jp,2:51 AM,10/3/2017,11,9,19,Breakfast,$27.29
48,Paulie,Nowick,pnowick1b@exblog.jp,11:54 AM,11/8/2018,28,8,8,Breakfast,$19.73
49,Ariel,Crowthe,acrowthe1c@canalblog.com,6:02 AM,4/20/2021,35,33,36,Lunch,$11.89
50,Kellen,Burchess,kburchess1d@nba.com,3:13 AM,1/27/2019,21,44,34,Lunch,$21.00
